proband;gruppe;app;reihenfolge;aufgabe;erfolg;zeit_s;fehler
P01;extern;A;1;T1;1;78;1
P01;extern;A;1;T2;1;58;2
P01;extern;A;1;T3;1;133;2
P01;extern;B;2;T1;0,5;148;0
P01;extern;B;2;T2;0,5;71;0
P01;extern;B;2;T3;0,5;200;2
P02;extern;A;2;T1;0,5;76;2
P02;extern;A;2;T2;1;186;1
P02;extern;A;2;T3;0;300;2
P02;extern;B;1;T1;1;184;0
P02;extern;B;1;T2;0,5;92;1
P02;extern;B;1;T3;0,5;176;1
P03;extern;A;1;T1;1;187;1
P03;extern;A;1;T2;0;300;1
P03;extern;A;1;T3;1;154;1
P03;extern;B;2;T1;1;59;2
P03;extern;B;2;T2;0,5;120;1
P03;extern;B;2;T3;0,5;129;2
P04;extern;A;2;T1;1;119;2
P04;extern;A;2;T2;0;300;2
P04;extern;A;2;T3;0,5;112;2
P04;extern;B;1;T1;1;95;1
P04;extern;B;1;T2;1;103;1
P04;extern;B;1;T3;1;167;0
P05;extern;A;1;T1;0,5;131;2
P05;extern;A;1;T2;0,5;99;0
P05;extern;A;1;T3;1;85;0
P05;extern;B;2;T1;1;147;2
P05;extern;B;2;T2;1;196;2
P05;extern;B;2;T3;1;72;2
P06;extern;A;2;T1;0,5;142;1
P06;extern;A;2;T2;1;163;2
P06;extern;A;2;T3;0,5;55;0
P06;extern;B;1;T1;0,5;78;2
P06;extern;B;1;T2;1;133;2
P06;extern;B;1;T3;1;58;0
T01;team;A;1;T1;1;37;0
T01;team;A;1;T2;1;84;0
T01;team;A;1;T3;1;61;0
T02;team;B;1;T1;1;59;0
T02;team;B;1;T2;1;60;0
T02;team;B;1;T3;1;60;0
