proband;gruppe;app;f1;f2;f3;f4;f5;f6;f7;f8;f9;f10
P01;extern;A;3;3;3;1;3;2;4;1;3;1
P01;extern;B;3;3;5;2;3;1;3;3;3;2
P02;extern;A;3;1;5;3;5;1;4;1;5;3
P02;extern;B;4;2;5;2;4;2;3;1;5;1
P03;extern;A;5;1;3;3;4;1;4;1;4;2
P03;extern;B;4;3;4;1;3;2;4;3;5;1
P04;extern;A;4;3;4;1;4;2;3;3;3;2
P04;extern;B;3;2;4;3;4;1;4;3;4;3
P05;extern;A;3;3;3;1;4;3;3;2;4;1
P05;extern;B;5;3;5;3;5;1;4;3;5;2
P06;extern;A;3;1;4;1;3;2;5;1;3;1
P06;extern;B;5;2;3;3;4;2;5;2;4;1
T01;team;A;4;2;4;2;4;2;4;2;4;2
T02;team;B;4;2;4;2;4;2;4;2;4;2
